<?xml version="1.0" encoding="UTF-8"?>
<radiko>
  <ttl>300</ttl>
  <srvtime>1603726356</srvtime>
  <stations>
    <station id="TBS">
      <name>TBSラジオ</name>
      <scd>
        <progs>
          <date>20201026</date>
          <prog ft="20201027000000" to="20201027010000" ftl="2400" tol="2500" dur="3600">
            <title>東京ポッド許可局</title>
            <sub_title />
            <imgs>
              <img src="3826" type="" />
            </imgs>
            <pfm>マキタスポーツ/プチ鹿島/サンキュータツオ</pfm>
            <desc />
            <info>売れてない芸人3人で2008年にひっそり始めた自主制作のポッドキャスト番組を、TBSラジオが異例の輸入！&lt;br/&gt; モットーは「屁理屈をエンタテインメントに！」&lt;br/&gt;&lt;br/&gt; エンタテインメントとインタレスト、2つの意味の「おもしろい！」を両立させた刺激的な内容を3人のおじさんが「屁理屈」たっぷりに語る。&lt;br/&gt; twitterハッシュタグは「&lt;a href=&quot;http://twitter.com/search?q=%23tokyopod&quot;&gt;#tokyopod&lt;/a&gt;」&lt;br/&gt;&lt;br/&gt;メール：&lt;a href=&quot;mailto:tokyopod@tbs.co.jp&quot;&gt;tokyopod@tbs.co.jp&lt;/a&gt;&lt;br/&gt;ラジオクラウド：&lt;a href=&quot;https://radiocloud.jp/archive/tokyopod&quot;&gt;https://radiocloud.jp/archive/tokyopod&lt;/a&gt;&lt;br/&gt;</info>
            <metas>
              <meta name="twitter" value="#tokyopod" />
              <meta name="twitter-hash" value="#tokyopod" />
              <meta name="facebook-fanpage" value="http://www.facebook.com/radiko.jp" />
            </metas>
            <url>http://www.tbsradio.jp/tokyopod/</url>
          </prog>
          <prog ft="20201027010000" to="20201027030000" ftl="2500" tol="2700" dur="7200">
            <title>JUNK 伊集院光・深夜の馬鹿力</title>
            <sub_title />
            <imgs>
              <img src="3827" type="" />
            </imgs>
            <pfm>伊集院光</pfm>
            <desc />
            <info>受付FAX番号：03-5562-0954&lt;br/&gt;ラジオクラウド：&lt;a href=&quot;https://radiocloud.jp/archive/ijuin&quot;&gt;https://radiocloud.jp/archive/ijuin&lt;/a&gt;&lt;br/&gt;</info>
            <metas>
              <meta name="twitter" value="#radiko" />
              <meta name="facebook-fanpage" value="http://www.facebook.com/radiko.jp" />
              <meta name="twitter-hash" value="#radiko" />
            </metas>
            <url>http://www.tbsradio.jp/ijuin/</url>
          </prog>
        </progs>
      </scd>
    </station>

    <station id="QRR">
      <name>文化放送</name>
      <scd>
        <progs>
          <date>20201026</date>
          <prog ft="20201027000000" to="20201027010000" ftl="2400" tol="2500" dur="3600">
            <title>レコメン！24時台</title>
            <sub_title />
            <imgs>
              <img src="3356" type="" />
            </imgs>
            <pfm>[月曜日～水曜日]オテンキのり　[木曜日] ジャニーズWEST桐山照史・中間淳太</pfm>
            <desc />
            <info>&lt;br /&gt;※野球中継が放送された場合、延長により放送時間・番組内容が変更になる可能性があります。ご了承ください。&lt;br /&gt;&lt;br /&gt;&lt;br /&gt;番組メールアドレス：&lt;br /&gt;&lt;a href=\&quot;mailto:reco@joqr.net\&quot;&gt;reco@joqr.net&lt;/a&gt;&lt;br /&gt;&lt;br /&gt;&lt;b&gt;番組twitter:&lt;br /&gt;&lt;a href=\&quot;https://twitter.com/reco_oshirase\&quot; target=\&quot;_blank\&quot;&gt;https://twitter.com/reco_oshirase&lt;/a&gt;&lt;br /&gt;&lt;br /&gt;コーナー番組サイト:&lt;br /&gt;■月曜日&lt;br /&gt;&lt;a href=\&quot;http://www.joQR.co.jp/reco/personality/sexyzone.html\&quot; target=\&quot;_blank\&quot;&gt;Sexy ZoneのQRzone&lt;/a&gt;&lt;br /&gt;&lt;a href=\&quot;http://www.joQR.co.jp/reco/personality/rinkuma.html\&quot; target=\&quot;_blank\&quot;&gt;久間田琳加 りんくま*めがへるつ&lt;/a&gt;&lt;br /&gt;&lt;a href=\&quot;http://www.joQR.co.jp/reco/personality/sugai.html\&quot; target=\&quot;_blank\&quot;&gt;菅井友香（櫻坂46）&lt;/a&gt;&lt;br /&gt;&lt;a href=\&quot;http://www.joQR.co.jp/reco/personality/kinkikids.html\&quot; target=\&quot;_blank\&quot;&gt;KinKi Kidsどんなもんヤ！&lt;/a&gt;&lt;br /&gt;&lt;br /&gt;■火曜日&lt;br /&gt;&lt;a href=\&quot;http://www.joQR.co.jp/reco/personality/sexyzone.html\&quot; target=\&quot;_blank\&quot;&gt;Sexy ZoneのQRzone&lt;/a&gt;&lt;br /&gt;&lt;a href=\&quot;http://www.joQR.co.jp/reco/personality/sei.html\&quot; target=\&quot;_blank\&quot;&gt;白石聖のわたくしごとですが…&lt;/a&gt;&lt;br /&gt;&lt;a href=\&quot;http://www.joqr.co.jp/reco/personality/katoshiho.html\&quot; target=\&quot;_blank\&quot;&gt;加藤史帆（日向坂46）&lt;/a&gt;&lt;br /&gt;&lt;a href=\&quot;http://www.joQR.co.jp/reco/personality/knews.html\&quot; target=\&quot;_blank\&quot;&gt;小山慶一郎 KちゃんNEWS&lt;/a&gt;&lt;br /&gt;&lt;br /&gt;■水曜日&lt;br /&gt;&lt;a href=\&quot;http://www.joQR.co.jp/reco/personality/sexyzone.html\&quot; target=\&quot;_blank\&quot;&gt;Sexy ZoneのQRzone&lt;/a&gt;&lt;br /&gt;&lt;a href=\&quot;http://www.joqr.co.jp/reco/personality/meruru.html\&quot; target=\&quot;_blank\&quot;&gt;めるるのはっぴーsu&#x1f440;&#x1f496;るーむ&lt;/a&gt;&lt;br /&gt;&lt;a href=\&quot;http://www.joQR.co.jp/reco/personality/tamura.html\&quot; target=\&quot;_blank\&quot;&gt;田村真佑（乃木坂46）&lt;/a&gt;&lt;br /&gt;&lt;a href=\&quot;http://www.joQR.co.jp/reco/personality/kis-my-radio.html\&quot; target=\&quot;_blank\&quot;&gt;Kis-My-Ft2 キスマイRadio&lt;/a&gt;&lt;br /&gt;&lt;br /&gt;■木曜日&lt;br /&gt;&lt;a href=\&quot;http://www.joQR.co.jp/reco/personality/kanjani.html\&quot; target=\&quot;_blank\&quot;&gt;「ジャニーズWEST 桐山照史・中間淳太のレコメン！」&lt;/a&gt;&lt;br /&gt;&lt;a href=\&quot;http://www.joQR.co.jp/reco/personality/sexyzone.html\&quot; target=\&quot;_blank\&quot;&gt;Sexy ZoneのQRzone&lt;/a&gt;&lt;br /&gt;&lt;a href=\&quot;http://www.joqr.co.jp/reco/personality/kp.html\&quot; target=\&quot;_blank\&quot;&gt;King &amp; Prince 永瀬廉のRadioGARDEN&lt;/a&gt;&lt;br /&gt;&lt;a href=\&quot;http://www.joQR.co.jp/reco/personality/heysay7.html\&quot; target=\&quot;_blank\&quot;&gt;Hey！ Say！ 7 UltraJUMP&lt;/a&gt;&lt;br /&gt;&lt;br /&gt;&lt;/b&gt;&lt;br /&gt;twitterハッシュタグは「&lt;a href=&quot;http://twitter.com/search?q=%23%E3%83%AC%E3%82%B3%E3%83%A1%E3%83%B3&quot;&gt;#レコメン&lt;/a&gt;」&lt;br /&gt;twitterアカウントは「&lt;a href=&quot;http://twitter.com/reco_oshirase&quot;&gt;@reco_oshirase&lt;/a&gt;」&lt;br /&gt;facebookページは「&lt;a href=&apos;http://www.facebook.com/1134joqr&apos;&gt;http://www.facebook.com/1134joqr&lt;/a&gt;」&lt;br /&gt;</info>
            <metas>
              <meta name="twitter" value="#レコメン" />
              <meta name="twitter" value="from:reco_oshirase" />
              <meta name="twitter-hash" value="#レコメン" />
              <meta name="facebook-fanpage" value="http://www.facebook.com/1134joqr" />
            </metas>
            <url>http://www.joqr.co.jp/reco/</url>
          </prog>
          <prog ft="20201027010000" to="20201027030000" ftl="2500" tol="2700" dur="7200">
            <title>CultureZ</title>
            <sub_title />
            <imgs>
              <img src="3405" type="" />
            </imgs>
            <pfm>土佐兄弟　パパラピーズ　大関れいか</pfm>
            <desc />
            <info>&lt;br /&gt;番組メールアドレス：&lt;br /&gt;&lt;a href=\&quot;mailto:cz@joqr.net\&quot;&gt;cz@joqr.net&lt;/a&gt;&lt;br /&gt;&lt;br /&gt;twitterハッシュタグは「&lt;a href=&quot;http://twitter.com/search?q=%23CultureZ&quot;&gt;#CultureZ&lt;/a&gt;」&lt;br /&gt;twitterアカウントは「&lt;a href=&quot;http://twitter.com/CultureZ_&quot;&gt;@CultureZ_&lt;/a&gt;」&lt;br /&gt;facebookページは「&lt;a href=&apos;http://www.facebook.com/1134joqr&apos;&gt;http://www.facebook.com/1134joqr&lt;/a&gt;」&lt;br /&gt;</info>
            <metas>
              <meta name="twitter-hash" value="#CultureZ" />
              <meta name="facebook-fanpage" value="http://www.facebook.com/1134joqr" />
              <meta name="twitter" value="#CultureZ" />
              <meta name="twitter" value="from:CultureZ_" />
            </metas>
            <url>http://www.joqr.co.jp/programs/detail/culturez.php</url>
          </prog>
        </progs>
      </scd>
    </station>

    <station id="LFR">
      <name>ニッポン放送</name>
      <scd>
        <progs>
          <date>20201026</date>
          <prog ft="20201027000000" to="20201027005300" ftl="2400" tol="2453" dur="3180">
            <title>ミューコミプラス</title>
            <sub_title />
            <imgs>
              <img src="13839" type="" />
            </imgs>
            <pfm>吉田尚記（ニッポン放送アナウンサー） 月曜アシスタント：西井万理那（ZOC） / 香椎かてぃ（ZOC）&amp; そわんわん&lt;br&gt;ゲスト：真山りか、小林歌穂（私立恵比寿中学）</pfm>
            <desc>音楽、漫画、アニメなどのポップカルチャーを&lt;br&gt;いち早くお届けするラジオ！「ミューコミプラス」&lt;br&gt;&lt;br&gt;◆パーソナリティはラジオ史上最強のヲタクアナウンサー&lt;br&gt;　「吉田尚記（通称“よっぴー”）」&lt;br&gt;◆バーチャルMC「一翔剣」として、Youtubeでも同時配信中！&lt;br&gt;◆月曜日のアシスタントは、「にっちやん」こと、ZOCの西井万理那！&lt;br&gt;◆ゲスト：真山りか、小林歌穂（私立恵比寿中学）&lt;br&gt;◆12:35頃～は「百田夏菜子とラジオドラマのせかい」&lt;br&gt;◆12:45頃～は「香椎かてぃとそわんわん愛の御言葉」</desc>
            <info>メールアドレス：&lt;br&gt;&lt;a href=&quot;mailto:mc@allnightnippon.com&quot;&gt;mc@allnightnippon.com&lt;/a&gt;&lt;br&gt;&lt;br&gt;番組ホームページは&lt;a href=&quot;https://www.allnightnippon.com/mcplus/&quot;&gt;こちら&lt;/a&gt;&lt;br&gt;&lt;br&gt;twitterハッシュタグは「&lt;a href=&quot;http://twitter.com/search?q=%23%E3%83%9F%E3%83%A5%E3%83%BC%E3%82%B3%E3%83%9F%E3%83%97%E3%83%A9%E3%82%B9&quot;&gt;#ミューコミプラス&lt;/a&gt;」twitterアカウントは「&lt;a href=&quot;http://twitter.com/mc1242&quot;&gt;@mc1242&lt;/a&gt;」facebookページは「&lt;a href=&apos;http://www.facebook.com/am1242&apos;&gt;http://www.facebook.com/am1242&lt;/a&gt;」</info>
            <metas>
              <meta name="twitter" value="#ミューコミプラス" />
              <meta name="twitter" value="from:mc1242" />
              <meta name="facebook-fanpage" value="http://www.facebook.com/am1242" />
              <meta name="twitter-hash" value="#ミューコミプラス" />
            </metas>
            <url>https://www.allnightnippon.com/mcplus/</url>
          </prog>
          <prog ft="20201027005300" to="20201027005800" ftl="2453" tol="2458" dur="300">
            <title>熊田茜音　アカネノ音</title>
            <sub_title />
            <imgs>
              <img src="13840" type="" />
            </imgs>
            <pfm>熊田茜音</pfm>
            <desc>声優アーティスト・熊田茜音が、日常で出会った言葉や悩み、嬉しかった出来事を、リスナーのアナタと共有する5分間。&lt;br&gt;熊田茜音に聞いてほしい悩みや、元気の出る言葉など、メッセージはakane＠allnightnippon.comまで送ってください。</desc>
            <info>メールアドレス：&lt;br&gt;&lt;a href=&quot;mailto:akane@allnightnippon.com&quot;&gt;akane@allnightnippon.com&lt;/a&gt;&lt;br&gt;&lt;br&gt;番組ホームページは&lt;a href=&quot;https://www.allnightnippon.com/akane/&quot;&gt;こちら&lt;/a&gt;&lt;br&gt;&lt;br&gt;twitterハッシュタグは「&lt;a href=&quot;http://twitter.com/search?q=%23%E3%82%A2%E3%82%AB%E3%83%8D%E3%83%8E%E9%9F%B3&quot;&gt;#アカネノ音&lt;/a&gt;」twitterアカウントは「&lt;a href=&quot;http://twitter.com/1242_PR&quot;&gt;@1242_PR&lt;/a&gt;」&lt;br&gt;facebookページは「&lt;a href=&apos;http://www.facebook.com/am1242&apos;&gt;http://www.facebook.com/am1242&lt;/a&gt;」</info>
            <metas>
              <meta name="twitter" value="#アカネノ音" />
              <meta name="twitter" value="from:1242_PR" />
              <meta name="facebook-fanpage" value="http://www.facebook.com/am1242" />
              <meta name="twitter-hash" value="#アカネノ音" />
            </metas>
            <url>https://www.allnightnippon.com/akane/</url>
          </prog>
        </progs>
      </scd>
    </station>

    <station id="RN1">
      <name>ラジオNIKKEI第1</name>
      <scd>
        <progs>
          <date>20201027</date>
          <prog ft="20201027000000" to="20201027045900" ftl="2400" tol="2859" dur="17940">
            <title>番組休止中</title>
            <sub_title />
            <imgs>
              <img src="182" type="" />
            </imgs>
            <pfm />
            <desc />
            <info />
            <metas>
              <meta name="twitter" value="#radiko" />
              <meta name="facebook-fanpage" value="http://www.facebook.com/radiko.jp" />
              <meta name="twitter-hash" value="#radiko" />
            </metas>
            <url />
          </prog>
          <prog ft="20201027050000" to="20201027071500" ftl="0500" tol="0715" dur="8100">
            <title>番組休止中</title>
            <sub_title />
            <imgs>
              <img src="182" type="" />
            </imgs>
            <pfm />
            <desc />
            <info />
            <metas>
              <meta name="twitter" value="#radiko" />
              <meta name="twitter-hash" value="#radiko" />
              <meta name="facebook-fanpage" value="http://www.facebook.com/radiko.jp" />
            </metas>
            <url />
          </prog>
        </progs>
      </scd>
    </station>

    <station id="RN2">
      <name>ラジオNIKKEI第2</name>
      <scd>
        <progs>
          <date>20201027</date>
          <prog ft="20201026190000" to="20201027050000" ftl="1900" tol="2900" dur="36000">
            <title>放送休止中</title>
            <sub_title />
            <imgs>
              <img src="1651" type="" />
            </imgs>
            <pfm />
            <desc />
            <info>&lt;br /&gt;&lt;a href=&apos;http://rn2service.radionikkei.jp/rjcmsup.php?n=20201026290000&apos;&gt;&lt;img src=&apos;http://rn2service.radionikkei.jp/noa/radikoimg/cmsup.jpg&apos; /&gt;&lt;/a&gt;&lt;br /&gt;&lt;br /&gt;&lt;a href=&apos;http://rn2service.radionikkei.jp/rj.php?t=20201026083000&amp;n=20201026290000&apos;&gt;&lt;img src=&apos;http://rn2service.radionikkei.jp/noa/radikoimg/playtopb.jpg&apos; /&gt; &lt;em&gt;この日の最初のRaNi Music♪へ&lt;/em&gt;&lt;/a&gt;&lt;br /&gt;&lt;br /&gt;&lt;a href=&apos;http://rn2service.radionikkei.jp/rj.php?t=20201026180000&amp;n=20201026290000&apos;&gt;&lt;img src=&apos;http://rn2service.radionikkei.jp/noa/radikoimg/playprevb.jpg&apos; /&gt; &lt;em&gt;前の時間のRaNi Music♪へ&lt;/em&gt;&lt;/a&gt;&lt;br /&gt;&lt;br /&gt;&lt;a href=&apos;http://rn2service.radionikkei.jp/rj.php?t=20201027083000&amp;n=20201026290000&apos;&gt;&lt;img src=&apos;http://rn2service.radionikkei.jp/noa/radikoimg/playnextb.jpg&apos; /&gt; &lt;em&gt;次の時間のRaNi Music♪へ&lt;/em&gt;&lt;/a&gt;&lt;br /&gt;
            </info>
            <metas>
              <meta name="facebook-fanpage" value="http://www.facebook.com/radiko.jp" />
              <meta name="twitter-hash" value="#radiko" />
              <meta name="twitter" value="#radiko" />
            </metas>
            <url />
          </prog>
          <prog ft="20201027050000" to="20201027083000" ftl="0500" tol="0830" dur="12600">
            <title>放送休止中</title>
            <sub_title />
            <imgs>
              <img src="1651" type="" />
            </imgs>
            <pfm />
            <desc />
            <info>&lt;br /&gt;&lt;a href=&apos;http://rn2service.radionikkei.jp/rjcmsup.php?n=20201027050000&apos;&gt;&lt;img src=&apos;http://rn2service.radionikkei.jp/noa/radikoimg/cmsup.jpg&apos; /&gt;&lt;/a&gt;&lt;br /&gt;&lt;br /&gt;&lt;a href=&apos;http://rn2service.radionikkei.jp/rj.php?t=20201026083000&amp;n=20201027050000&apos;&gt;&lt;img src=&apos;http://rn2service.radionikkei.jp/noa/radikoimg/playprdyb.jpg&apos; /&gt; &lt;em&gt;前回の最初のRaNi Music♪へ&lt;/em&gt;&lt;/a&gt;&lt;br /&gt;&lt;br /&gt;&lt;a href=&apos;http://rn2service.radionikkei.jp/rj.php?t=20201026180000&amp;n=20201027050000&apos;&gt;&lt;img src=&apos;http://rn2service.radionikkei.jp/noa/radikoimg/playprevb.jpg&apos; /&gt; &lt;em&gt;前の時間のRaNi Music♪へ&lt;/em&gt;&lt;/a&gt;&lt;br /&gt;&lt;br /&gt;&lt;a href=&apos;http://rn2service.radionikkei.jp/rj.php?t=20201027083000&amp;n=20201027050000&apos;&gt;&lt;img src=&apos;http://rn2service.radionikkei.jp/noa/radikoimg/playnextb.jpg&apos; /&gt; &lt;em&gt;次の時間のRaNi Music♪へ&lt;/em&gt;&lt;/a&gt;&lt;br /&gt;
            </info>
            <metas>
              <meta name="facebook-fanpage" value="http://www.facebook.com/radiko.jp" />
              <meta name="twitter-hash" value="#radiko" />
              <meta name="twitter" value="#radiko" />
            </metas>
            <url />
          </prog>
        </progs>
      </scd>
    </station>

    <station id="INT">
      <name>InterFM897</name>
      <scd>
        <progs>
          <date>20201026</date>
          <prog ft="20201027000000" to="20201027010000" ftl="2400" tol="2500" dur="3600">
            <title>KAWAII MUSIC presents とびきり！Buzz Music</title>
            <sub_title />
            <imgs>
              <img src="2312" type="" />
            </imgs>
            <pfm>天輝おこめ</pfm>
            <desc>VTuber『天輝おこめ』がお届けする『とびきり！Buzz Music』&lt;br /&gt;&lt;br /&gt;
              「バズる」とは、インターネットで口コミなどで話題になっていることです。ネット中心に活動しているアーティストの音楽をピックアップし、ネットでバズっているゲストをお招きする番組です。
            </desc>
            <info />
            <metas>
              <meta name="twitter-hash" value="#radiko" />
              <meta name="facebook-fanpage" value="http://www.facebook.com/radiko.jp" />
              <meta name="twitter" value="#radiko" />
            </metas>
            <url>https://www.interfm.co.jp/kawaii</url>
          </prog>
          <prog ft="20201027010000" to="20201027020000" ftl="2500" tol="2600" dur="3600">
            <title>VTuber music DJ&apos;s #VMDJ</title>
            <sub_title />
            <imgs>
              <img src="2180" type="" />
            </imgs>
            <pfm>TAKUYA the bringer（秋葉原エンタス）</pfm>
            <desc>Vtuber(バーチャルアーティスト)楽曲にフォーカス。&lt;br /&gt;&lt;br /&gt;

              VTuberイベントの聖地である秋葉原エンタスのmaster TAKUYAと、毎週訪れるゲストDJによるバーチャルアーティスト楽曲盛り沢山の番組。
            </desc>
            <info />
            <metas>
              <meta name="twitter" value="#radiko" />
              <meta name="twitter-hash" value="#radiko" />
              <meta name="facebook-fanpage" value="http://www.facebook.com/radiko.jp" />
            </metas>
            <url>https://www.interfm.co.jp/vtuber</url>
          </prog>
        </progs>
      </scd>
    </station>

    <station id="FMT">
      <name>TOKYO FM</name>
      <scd>
        <progs>
          <date>20201026</date>
          <prog ft="20201027000000" to="20201027005500" ftl="2400" tol="2455" dur="3300">
            <title>JET STREAM</title>
            <sub_title />
            <imgs>
              <img src="5869" type="" />
            </imgs>
            <pfm>福山雅治</pfm>
            <desc />
            <info>&lt;div class=&quot;station_content_description &quot;&gt;		&lt;a href=&quot;https://www.tfm.co.jp/jetstream/&quot;&gt;&lt;img src=&quot;https://s3-ap-northeast-1.amazonaws.com/program.keitai.fm/pms/images/AU/program/128_f41275e9_rc_large.png&quot; height=&quot;100&quot; width=&quot;200&quot;&gt;&lt;/a&gt;&lt;br /&gt;&lt;br /&gt;&lt;table border=&quot;0&quot; cellpadding=&quot;5&quot; &gt;  &lt;tr&gt;      &lt;td style=&quot;padding: 5px;&quot;&gt;&lt;img src=&quot;https://s3-ap-northeast-1.amazonaws.com/program.keitai.fm/pms/images/AU/person/8149_db360e96_sq.png&quot; height=&quot;60&quot; width=&quot;60&quot; alt=&quot;福山雅治&quot;&gt;&lt;/td&gt;  &lt;/tr&gt;&lt;/table&gt;&lt;br /&gt;&lt;br /&gt;	今夜は、南フランス、コート・ダジュールを代表する高級リゾート地「ニース」を訪ねましょう。&lt;br /&gt;&lt;br /&gt;今週の土曜10月31日の夜は、「ハロウィン」。世界中で行われるようになったのは、つい最近のことですが、実はハロウィンの原型は…。 &lt;br /&gt;&lt;br /&gt;	番組Webサイト：&lt;a href=&quot;https://www.tfm.co.jp/jetstream/&quot;&gt;https://www.tfm.co.jp/jetstream/&lt;/a&gt;&lt;br /&gt;	メッセージフォーム：&lt;a href=&quot;https://www.tfm.co.jp/f/jetstream/message&quot;&gt;https://www.tfm.co.jp/f/jetstream/message&lt;/a&gt;&lt;br /&gt;&lt;br /&gt;&lt;/div&gt;
            </info>
            <metas>
              <meta name="twitter" value="#radiko" />
              <meta name="facebook-fanpage" value="http://www.facebook.com/radiko.jp" />
              <meta name="twitter-hash" value="#radiko" />
            </metas>
            <url>https://www.tfm.co.jp/jetstream/</url>
          </prog>
          <prog ft="20201027005500" to="20201027010000" ftl="2455" tol="2500" dur="300">
            <title>TOKYO FM NEWS</title>
            <sub_title />
            <imgs>
              <img src="5867" type="" />
            </imgs>
            <pfm />
            <desc />
            <info>&lt;div class=&quot;station_content_description &quot;&gt;&lt;br /&gt;&lt;/div&gt;</info>
            <metas>
              <meta name="twitter-hash" value="#radiko" />
              <meta name="facebook-fanpage" value="http://www.facebook.com/radiko.jp" />
              <meta name="twitter" value="#radiko" />
            </metas>
            <url />
          </prog>
        </progs>
      </scd>
    </station>

    <station id="FMJ">
      <name>J-WAVE</name>
      <scd>
        <progs>
          <date>20201026</date>
          <prog ft="20201027000000" to="20201027010000" ftl="2400" tol="2500" dur="3600">
            <title>SPARK</title>
            <sub_title />
            <imgs>
              <img src="13086" type="" />
            </imgs>
            <pfm>山本彩</pfm>
            <desc>”やまちゃん”コンビでお届け！&lt;br /&gt;
              南海キャンディーズの山里亮太さん登場！&lt;br /&gt;
              「秋の妄想祭り」開催！サイン入りJ-WAVEエコバッグのプレゼントも！！&lt;br /&gt;
              音楽を軸にリスナーとつながる1時間。&lt;br /&gt;
              今週は、スペシャルバージョン！&lt;br /&gt;
              ゲストに・・・南海キャンディーズの山里亮太さん登場！&lt;br /&gt;
              山里さん原作のドラマのテーマが「妄想」ということで&lt;br /&gt;
              「秋の妄想祭り」を開催します！&lt;br /&gt;
              山本彩のサイン入りJ-WAVEエコバッグを抽選で3名様にプレゼント！&lt;br /&gt;
              &lt;br /&gt;
              00:02 WITH ME / SUM 41&lt;br /&gt;
              00:14 ゼロ ユニバース / 山本彩&lt;br /&gt;
            </desc>
            <info>&lt;a href=&quot;https://www.j-wave.co.jp/original/spark/&quot; target=&quot;_blank&quot;&gt;&lt;img src=&quot;https://www.j-wave.co.jp/epg/images/5f782e52a907b.jpeg&quot;&gt;&lt;img src=&quot;https://www.j-wave.co.jp/epg/images/5f782e52bc312.png&quot; height=&quot;52&quot;&gt;&lt;/a&gt;&lt;br /&gt;
              &lt;br /&gt;
              山里亮太（南海キャンディーズ）
            </info>
            <metas>
              <meta name="facebook-fanpage" value="http://www.facebook.com/radiko.jp" />
              <meta name="twitter-hash" value="#radiko" />
              <meta name="twitter" value="#radiko" />
            </metas>
            <url>https://www.j-wave.co.jp/original/spark/</url>
          </prog>
          <prog ft="20201027010000" to="20201027020000" ftl="2500" tol="2600" dur="3600">
            <title>THE KINGS PLACE</title>
            <sub_title />
            <imgs>
              <img src="13069" type="" />
            </imgs>
            <pfm>FOMARE</pfm>
            <desc>FOMAREがお届けする月曜キンプレ！&lt;br /&gt;
              今夜は「気になるランキンgoo!」オグラ、MC頑張ります&lt;br /&gt;
              週の始まり月曜日はFOMAREがぶち上げます。&lt;br /&gt;
              Zeppでのライブを控えた3人が絶好調でお送りする1時間（予定）&lt;br /&gt;
              &lt;br /&gt;
              ◇たとえてみた。&lt;br /&gt;
              現在のテーマは「居酒屋のメニュー」！&lt;br /&gt;
              今回もみなさんからのメールが頼りです、ぜひ。&lt;br /&gt;
              &lt;br /&gt;
              ◇気になるランキンgoo!&lt;br /&gt;
              オグラのカミカミMCとヒントに注目なコーナー。&lt;br /&gt;
              今夜のお題は…？&lt;br /&gt;
              &lt;br /&gt;
              メッセージはキンプレHPトップから、&lt;br /&gt;
              Twitterは #kp813 #king813 をつけて参加してください！
            </desc>
            <info>&lt;a href=&quot;https://www.j-wave.co.jp/original/kingsplace/&quot; target=&quot;_blank&quot;&gt;&lt;img src=&quot;https://www.j-wave.co.jp/epg/images/5f5acd7030696.jpeg&quot;&gt;&lt;img src=&quot;https://www.j-wave.co.jp/epg/images/5f5acd70419bb.png&quot; height=&quot;52&quot;&gt;&lt;/a&gt;&lt;br /&gt;
              &lt;br /&gt;
            </info>
            <metas>
              <meta name="facebook-fanpage" value="http://www.facebook.com/radiko.jp" />
              <meta name="twitter-hash" value="#radiko" />
              <meta name="twitter" value="#radiko" />
            </metas>
            <url>https://www.j-wave.co.jp/original/kingsplace/</url>
          </prog>
        </progs>
      </scd>
    </station>

    <station id="JORF">
      <name>ラジオ日本</name>
      <scd>
        <progs>
          <date>20201026</date>
          <prog ft="20201027003000" to="20201027010000" ftl="2430" tol="2500" dur="1800">
            <title>SPARK IGNITION</title>
            <sub_title />
            <imgs>
              <img src="211" type="" />
            </imgs>
            <pfm>鈴木けいすけ 黒田有彩</pfm>
            <desc>鈴木けいすけ衆議院議員、宇宙飛行士を目指すタレント・黒田有彩がパーソナリティを務める、&lt;br&gt;オープン・イノベーション プロジェクト『 SPARK IGNITION 』&lt;br&gt;&lt;br&gt;東京・渋谷のコラボレーション拠点「 SPARK 2045 」を拠点に、&lt;br&gt;イノベーションに関するディスカッションやアイデア創出にとどまらず、&lt;br&gt;生まれたアイデアを、起業家、スタートアップ、クリエイター、コンサルタントなどと具体化し、&lt;br&gt;トライアル的な事業化、アクセラレーションなども行うプロジェクトです。&lt;br&gt;&lt;br&gt;【パーソナリティ】&lt;br&gt;▽鈴木けいすけ（衆議院議員）&lt;br&gt;▽黒田有彩（タレント）&lt;br&gt;&lt;br&gt;【ファシリテーター】&lt;br&gt;▽イグニション・ポイント株式会社 コンサルタント&lt;br&gt;▽池田育弥（株式会社しごと総合研究所 クリエイティブファシリテーター）
            </desc>
            <info>twitterハッシュタグは「&lt;a href=&quot;http://twitter.com/search?q=%23sparkignition&quot;&gt;#sparkignition&lt;/a&gt;」</info>
            <metas>
              <meta name="facebook-fanpage" value="http://www.facebook.com/radiko.jp" />
              <meta name="twitter-hash" value="#sparkignition" />
              <meta name="twitter" value="#sparkignition" />
            </metas>
            <url>http://www.jorf.co.jp/?program=spark</url>
          </prog>
          <prog ft="20201027010000" to="20201027020000" ftl="2500" tol="2600" dur="3600">
            <title>ミュージックコンボイ</title>
            <sub_title />
            <imgs>
              <img src="8153" type="" />
            </imgs>
            <pfm />
            <desc />
            <info>twitterハッシュタグは「&lt;a href=&quot;http://twitter.com/search?q=%23jorf&quot;&gt;#jorf&lt;/a&gt;」</info>
            <metas>
              <meta name="twitter" value="#jorf" />
              <meta name="twitter-hash" value="#jorf" />
              <meta name="facebook-fanpage" value="http://www.facebook.com/radiko.jp" />
            </metas>
            <url />
          </prog>
        </progs>
      </scd>
    </station>

    <station id="BAYFM78">
      <name>bayfm78</name>
      <scd>
        <progs>
          <date>20201026</date>
          <prog ft="20201027003000" to="20201027010000" ftl="2430" tol="2500" dur="1800">
            <title>絶対レディオ</title>
            <sub_title />
            <imgs>
              <img src="3295" type="" />
            </imgs>
            <pfm>ASCA</pfm>
            <desc>「ASCAの絶対零度」番組内ではASCAへの・・・★質問　★メッセージ　★リクエスト曲　★ASCAに相談したいこと・悩みご　★ASCAに言ってほしい一言　などを募集しています。</desc>
            <info>&lt;br&gt;&lt;br&gt;&lt;a href=&quot;https://www.bayfm.co.jp/dj/&quot;&gt;&lt;img src=&quot;https://www.bayfm.co.jp/wp-content/uploads/dj_photo160/asca.jpg&quot;&gt;&lt;/a&gt;&lt;br&gt;&lt;b&gt;ASCA&lt;/b&gt;&lt;br&gt;&lt;br&gt;番組宛メール　&lt;a href=&quot;mailto:asca@bayfm.co.jp&quot;&gt;asca@bayfm.co.jp&lt;/a&gt;&lt;br&gt;番組公式HP　&lt;a href=&quot;https://www.bayfm.co.jp/program/asca/&quot;&gt;https://www.bayfm.co.jp/program/asca/&lt;/a&gt;&lt;br&gt;番組公式ハッシュタグ　&lt;a href=&quot;https://twitter.com/hashtag/%E7%B5%B6%E5%AF%BE%E3%83%AC%E3%83%87%E3%82%A3%E3%82%AA?src=hashtag_click&amp;f=live&quot;&gt;「#絶対レディオ」&lt;/a&gt;&lt;br&gt;&lt;br&gt;&lt;a href=&quot;https://www.bayfm.co.jp/&quot; target=&quot;_blank&quot;&gt;■bayfm公式HP&lt;/a&gt;&lt;br&gt;&lt;a href=&quot;https://www.bayfm.co.jp/onair/&quot; target=&quot;_blank&quot;&gt;■オンエア楽曲一覧&lt;/a&gt;
            </info>
            <metas>
              <meta name="facebook-fanpage" value="http://www.facebook.com/radiko.jp" />
              <meta name="twitter-hash" value="#radiko" />
              <meta name="twitter" value="#radiko" />
            </metas>
            <url>https://www.bayfm.co.jp/program/asca/</url>
          </prog>
          <prog ft="20201027010000" to="20201027030000" ftl="2500" tol="2700" dur="7200">
            <title>MOZAIKU NIGHT</title>
            <sub_title />
            <imgs>
              <img src="3363" type="" />
            </imgs>
            <pfm>DJ=五明拓弥(グランジ)／26:00頃～「にゃんぞぬデシの鳴き語り」にゃんぞぬデシ</pfm>
            <desc />
            <info>11月20日に単独ライブを控えたグランジ。素敵な相方2人がゲストに来てくれます！&lt;br&gt;&lt;br&gt;&lt;br&gt;&lt;br&gt;&lt;a href=&quot;https://www.bayfm.co.jp/dj/&quot;&gt;&lt;img src=&quot;https://www.bayfm.co.jp/wp-content/uploads/dj_photo160/gomei_takuya.jpg&quot;&gt;&lt;/a&gt;&lt;br&gt;&lt;b&gt;五明拓弥(グランジ)&lt;/b&gt;&lt;br&gt;&lt;br&gt;番組宛メール　&lt;a href=&quot;mailto:mozaiku@bayfm.co.jp&quot;&gt;mozaiku@bayfm.co.jp&lt;/a&gt;&lt;br&gt;番組公式HP　&lt;a href=&quot;https://www.bayfm.co.jp/program/mozaikumon/&quot; target=&quot;_blank&quot;&gt;https://www.bayfm.co.jp/program/mozaikumon/&lt;/a&gt;&lt;br&gt;番組公式Twitter　&lt;a href=&quot;https://www.bayfm.co.jp/mozaiku/&quot; target=&quot;_blank&quot;&gt;https://twitter.com/mozaikunight&lt;/a&gt;&lt;br&gt;番組公式ハッシュタグ　&lt;a href=&quot;https://twitter.com/search?q=%23mozaiku&amp;src=typed_query&amp;f=live&quot;&gt;「#mozaiku」&lt;/a&gt;&lt;br&gt;番組公式Facebook　&lt;a href=&quot;https://www.facebook.com/Bayfm-Mozaiku-night-171740469639983/&quot; target=&quot;_blank&quot;&gt;https://www.facebook.com/Bayfm-Mozaiku-night-171740469639983/&lt;/a&gt;&lt;br&gt;&lt;br&gt;▼26:00頃～&lt;br&gt;『にゃんぞぬデシの鳴き語り』にゃんぞぬデシ&lt;br&gt;&lt;br&gt;&lt;br&gt;&lt;br&gt;&lt;br&gt;&lt;a href=&quot;https://www.bayfm.co.jp/dj/&quot;&gt;&lt;img src=&quot;https://www.bayfm.co.jp/wp-content/uploads/dj_photo160/nyanzonudeshi.jpg&quot;&gt;&lt;/a&gt;&lt;br&gt;&lt;br&gt;&lt;a href=&quot;https://www.bayfm.co.jp/&quot; target=&quot;_blank&quot;&gt;■bayfm公式HP&lt;/a&gt;&lt;br&gt;&lt;a href=&quot;https://www.bayfm.co.jp/onair/&quot; target=&quot;_blank&quot;&gt;■オンエア楽曲一覧&lt;/a&gt;
            </info>
            <metas>
              <meta name="twitter" value="#radiko" />
              <meta name="facebook-fanpage" value="http://www.facebook.com/radiko.jp" />
              <meta name="twitter-hash" value="#radiko" />
            </metas>
            <url>https://www.bayfm.co.jp/program/mozaikumon/</url>
          </prog>
        </progs>
      </scd>
    </station>

    <station id="NACK5">
      <name>NACK5</name>
      <scd>
        <progs>
          <date>20201026</date>
          <prog ft="20201027000000" to="20201027010000" ftl="2400" tol="2500" dur="3600">
            <title>NACK de ROCK</title>
            <sub_title />
            <imgs>
              <img src="6209" type="" />
            </imgs>
            <pfm>根本要（STARDUST REVUE）,窪田有美</pfm>
            <desc />
            <info>&lt;p&gt;スタレビの新曲について詳しく解説します！&lt;/p&gt;&lt;p&gt;&lt;br&gt;&lt;/p&gt;&lt;p&gt;Dig The Rockのコーナー&lt;/p&gt;&lt;p&gt;筒美京平さんの音楽について。&lt;/p&gt;&lt;p&gt;&lt;br&gt;&lt;/p&gt;&lt;p&gt;音楽工房のコーナー&lt;/p&gt;&lt;p&gt;尾崎紀世彦の「また逢う日まで」を弾語り。&lt;/p&gt;&lt;p&gt;【メッセージフォーム】&lt;/p&gt;&lt;p&gt;&lt;a href=&quot;https://www.nack5.co.jp/message/241/&quot; target=&quot;_blank&quot;&gt;NACK de ROCKへのメッセージ&lt;/a&gt;&lt;/p&gt;
            </info>
            <metas>
              <meta name="twitter" value="#radiko" />
              <meta name="twitter-hash" value="#radiko" />
              <meta name="facebook-fanpage" value="http://www.facebook.com/radiko.jp" />
            </metas>
            <url>https://www.nack5.co.jp/program/nackderock/</url>
          </prog>
          <prog ft="20201027010000" to="20201027020000" ftl="2500" tol="2600" dur="3600">
            <title>ラジオのアナ～ラジアナ あげあげマンデー Part1</title>
            <sub_title />
            <imgs>
              <img src="6278" type="" />
            </imgs>
            <pfm>小林アナ</pfm>
            <desc />
            <info>&lt;p&gt;ラジアナ月曜「小林アナのあげあげマンデー」&lt;br&gt;&lt;br&gt;&lt;br&gt;★「なんていうのはHEADLINE」&lt;br&gt;通常営業でございます。&lt;br&gt;&lt;br&gt;&lt;br&gt;★今回のメッセージテーマ！&lt;br&gt;&lt;br&gt;【これ考えた人天才！】&lt;br&gt;&lt;br&gt;このシステム考えた人天才！&lt;br&gt;この言葉考えた人天才！&lt;br&gt;この商品考えた人天才！&lt;br&gt;&lt;br&gt;などなど、これ考えた人天才！メッセージ待ってます！&lt;br&gt;&lt;br&gt;《1時台》&lt;br&gt;★「カジュマン」&lt;br&gt;カジュアルに「あげマン」に参加しよう！&lt;br&gt;というわけで「カジュマン」です。&lt;br&gt;投稿ビギナーのためのコーナー。&lt;br&gt;（熟練者は他のコーナーでがんばってください）&lt;br&gt;&lt;br&gt;今回は、&lt;br&gt;「アナマネ」&lt;br&gt;人でも物でもなんでもいいです。&lt;br&gt;単語を送ってくれれば、アナが反射的にそのモノマネをします。&lt;br&gt;&lt;br&gt;&lt;br&gt;《1時40分》&lt;br&gt;★「藤宮もなの煌めき☆ソムリエ」&lt;br&gt;アイドルグループ「煌めき☆アンフォレント」のメンバー、&lt;br&gt;埼玉県出身でおしりソムリエの藤宮もなさんが&lt;br&gt;お送りするプログラム！&lt;br&gt;&lt;br&gt;&lt;br&gt;《2時台》&lt;br&gt;★今夜のゲストは、占い師の龍星さん。&lt;br&gt;アナちゃんの今後の運勢を占ってもらいます。&lt;br&gt;&lt;br&gt;《2時40分》&lt;br&gt;★「アナ魂MELODY～魂のトイレタイム～」&lt;br&gt;魂の女芸人、小林アナさんがお送りするプログラム！&lt;br&gt;みなさんからの日常で魂を感じたエピソードをご紹介します！&lt;br&gt;&lt;br&gt;&lt;br&gt;《3時台》&lt;br&gt;★「AgeMan～Midnight Oasis～」&lt;br&gt;FMラジオDJをそつなくできるようになりたい、&lt;br&gt;小林アナのトレーニングコーナー。&lt;br&gt;普通なメッセージに、普通なトークで、&lt;br&gt;普通なFMラジオ番組をお届け。&lt;br&gt;みなさんも、普通な番組で読まれるような、&lt;br&gt;普通なメッセージを送ってください。&lt;br&gt;&lt;br&gt;&lt;br&gt;★「小林聖母の空が青くなるように」&lt;br&gt;ラジアナ月曜、新しい心の浄化タイムでございます。&lt;br&gt;小林聖母がみなさんに素敵な言葉を差しあげます。&lt;br&gt;悩み、ひとりごと、近況報告…なんでも受け止めます。&lt;br&gt;月曜から浄化されて、晴れやかな一週間を過ごしましょう。&lt;br&gt;&lt;br&gt;&lt;br&gt;★「穴喜利」&lt;br&gt;つまり大喜利です。&lt;br&gt;目を細めてみれば穴喜利も大喜利に見えるはず。&lt;br&gt;今回のお題は&lt;br&gt;「伝説のラーメン屋。どんな伝説が？」&lt;br&gt;&lt;br&gt;「伝説のラーメン屋」の伝説を考えて送ってください。&lt;br&gt;&lt;br&gt;★「小林アナのやっぱりどーでもいい1日」もあります。 &lt;br&gt;&lt;br&gt;《4時台》 &lt;br&gt;★「真剣４時台 ベシャリ場」 &lt;br&gt;小林さんがベシャリのテクニックを紹介したり、&lt;br&gt;電話をつないだりするコーナー。 &lt;br&gt;&lt;br&gt;★「アナ歌謡」 &lt;br&gt;歌謡曲大好きなアナちゃんが語って紹介します。&lt;br&gt;&lt;br&gt;★「小さァナ悩み」&lt;br&gt;大きくない悩み、重くない悩みを送ってきてください。&lt;br&gt;アナが答えるかもしれません。&lt;br&gt;運がいいと(？)やっちーが答えてくれるかもしれません。&lt;br&gt;&lt;br&gt;&lt;br&gt;&lt;/p&gt;&lt;p&gt;【メッセージフォーム】&lt;/p&gt;&lt;p&gt;&lt;a href=&quot;https://www.nack5.co.jp/message/481/&quot; target=&quot;_blank&quot;&gt;AgeMan～Midnight Oasis～&lt;/a&gt;&lt;/p&gt;&lt;p&gt;&lt;a href=&quot;https://www.nack5.co.jp/message/357/&quot; target=&quot;_blank&quot;&gt;メッセージテーマ【これ考えた人天才！】&lt;/a&gt;&lt;/p&gt;&lt;p&gt;&lt;a href=&quot;https://www.nack5.co.jp/message/297/&quot; target=&quot;_blank&quot;&gt;穴喜利&lt;/a&gt;&lt;/p&gt;&lt;p&gt;&lt;a href=&quot;https://www.nack5.co.jp/message/296/&quot; target=&quot;_blank&quot;&gt;小さァナ悩み&lt;/a&gt;&lt;/p&gt;&lt;p&gt;&lt;a href=&quot;https://www.nack5.co.jp/message/295/&quot; target=&quot;_blank&quot;&gt;フリーメッセージ&lt;/a&gt;&lt;/p&gt;&lt;p&gt;&lt;a href=&quot;https://www.nack5.co.jp/message/293/&quot; target=&quot;_blank&quot;&gt;カジュマン&lt;/a&gt;&lt;/p&gt;&lt;p&gt;&lt;a href=&quot;https://www.nack5.co.jp/message/292/&quot; target=&quot;_blank&quot;&gt;「ベシャリ場」電話募集&lt;/a&gt;&lt;/p&gt;&lt;p&gt;&lt;a href=&quot;https://www.nack5.co.jp/message/291/&quot; target=&quot;_blank&quot;&gt;小林聖母&lt;/a&gt;&lt;/p&gt;&lt;p&gt;&lt;a href=&quot;https://www.nack5.co.jp/message/288/&quot; target=&quot;_blank&quot;&gt;アナ魂MELODY&lt;/a&gt;&lt;/p&gt;
            </info>
            <metas>
              <meta name="twitter" value="#radiko" />
              <meta name="twitter-hash" value="#radiko" />
              <meta name="facebook-fanpage" value="http://www.facebook.com/radiko.jp" />
            </metas>
            <url>https://www.nack5.co.jp/program/raji795_mon/</url>
          </prog>
        </progs>
      </scd>
    </station>

    <station id="YFM">
      <name>ＦＭヨコハマ</name>
      <scd>
        <progs>
          <date>20201026</date>
          <prog ft="20201027003000" to="20201027013000" ftl="2430" tol="2530" dur="3600">
            <title>BEAT JAM</title>
            <sub_title />
            <imgs>
              <img src="369" type="" />
            </imgs>
            <pfm>鈴木しょう治</pfm>
            <desc />
            <info>▽DJ鈴木しょう治がお届けする1時間&lt;br /&gt;▽Keith Urban、53歳の誕生日に話題のヒット曲！&lt;br /&gt;▽全米大ヒット中！BTSの大ヒット！&lt;br /&gt;▽Bootsy Collins、69歳の誕生日にParliament1978年全米シングルチャート16位のファンクナンバー！&lt;br /&gt;▽10月27日で64歳！Hazell Deanの日本語カバーも有名な大ヒット！&lt;br /&gt;▽その他、鈴木しょう治オススメ最新ヒット！&lt;br /&gt;▽番組後半は「Beat Jam Non-Stop Mega Mix」Cascada, Amber, Robin Thicke, Pia Mia～などをノンストップでリミックス！&lt;br /&gt;▽洋楽リクエスト＆メッセージ受付中！&lt;br /&gt;▽Line公式アカウントの新QRコードは番組サイトをチェック！&lt;br /&gt;&lt;br /&gt;twitterハッシュタグは「&lt;a href=&quot;http://twitter.com/search?q=%23fmyokohama&quot;&gt;#fmyokohama&lt;/a&gt;」&lt;br /&gt;メールアドレス：&lt;a href=&quot;mailto:show-g@fmyokohama.jp&quot;&gt;show-g@fmyokohama.jp&lt;/a&gt;&lt;br /&gt;
            </info>
            <metas>
              <meta name="facebook-fanpage" value="http://www.facebook.com/radiko.jp" />
              <meta name="twitter-hash" value="#fmyokohama" />
              <meta name="twitter" value="#fmyokohama" />
            </metas>
            <url>https://www.fmyokohama.co.jp/pc/program/BeatJam</url>
          </prog>
          <prog ft="20201027013000" to="20201027020000" ftl="2530" tol="2600" dur="1800">
            <title>横浜の夜は眠らない</title>
            <sub_title />
            <imgs>
              <img src="327" type="" />
            </imgs>
            <pfm>滝ともはる</pfm>
            <desc />
            <info>横浜から新しい音楽の波を世界に発信したい。そんな思いを込めたシンガー滝ともはるがお送りする番組です。&lt;br /&gt;&lt;br /&gt;twitterハッシュタグは「&lt;a href=&quot;http://twitter.com/search?q=%23fmyokohama&quot;&gt;#fmyokohama&lt;/a&gt;」&lt;br /&gt;メールアドレス：&lt;a href=&quot;mailto:taki@fmyokohama.jp&quot;&gt;taki@fmyokohama.jp&lt;/a&gt;&lt;br /&gt;</info>
            <metas>
              <meta name="twitter" value="#fmyokohama" />
              <meta name="twitter-hash" value="#fmyokohama" />
              <meta name="facebook-fanpage" value="http://www.facebook.com/radiko.jp" />
            </metas>
            <url>https://www.fmyokohama.co.jp/pc/program/YokohamaNoYoruHaNemuranai</url>
          </prog>
        </progs>
      </scd>
    </station>

    <station id="HOUSOU-DAIGAKU">
      <name>放送大学</name>
      <scd>
        <progs>
          <date>20201027</date>
          <prog ft="20201027001500" to="20201027050000" ftl="2415" tol="2900" dur="17100">
            <title>番組休止中</title>
            <sub_title />
            <imgs>
              <img src="236" type="" />
            </imgs>
            <pfm />
            <desc />
            <info />
            <metas>
              <meta name="twitter-hash" value="#radiko" />
              <meta name="facebook-fanpage" value="http://www.facebook.com/radiko.jp" />
              <meta name="twitter" value="#radiko" />
            </metas>
            <url>http://www.ouj.ac.jp/</url>
          </prog>
          <prog ft="20201027050000" to="20201027060000" ftl="0500" tol="0600" dur="3600">
            <title>番組休止中</title>
            <sub_title />
            <imgs>
              <img src="236" type="" />
            </imgs>
            <pfm />
            <desc />
            <info />
            <metas>
              <meta name="twitter" value="#radiko" />
              <meta name="facebook-fanpage" value="http://www.facebook.com/radiko.jp" />
              <meta name="twitter-hash" value="#radiko" />
            </metas>
            <url>http://www.ouj.ac.jp/</url>
          </prog>
        </progs>
      </scd>
    </station>

    <station id="JOAK">
      <name>NHKラジオ第1（東京）</name>
      <scd>
        <progs>
          <date>20201026</date>
          <prog ft="20201027001000" to="20201027010000" ftl="2410" tol="2500" dur="3000">
            <title>ラジオ深夜便▽日本列島くらしのたより</title>
            <sub_title />
            <imgs>
              <img src="14342" type="" />
            </imgs>
            <pfm>中川緑，寒川一，大江英樹</pfm>
            <desc />
            <info>中川緑&lt;br&gt; &lt;br&gt; ▽日本列島くらしのたより &lt;br&gt; 「神奈川県鎌倉市」 &lt;br&gt; 寒川一&lt;br&gt; ▽おとなの教養講座 &lt;br&gt; 「知って安心くらしの経済」 &lt;br&gt; 経済コラムニスト…大江英樹&lt;br&gt; ▽世界の天気 &lt;br&gt;</info>
            <metas>
              <meta name="facebook-fanpage" value="http://www.facebook.com/radiko.jp" />
              <meta name="twitter-hash" value="#radiko" />
              <meta name="twitter" value="#radiko" />
            </metas>
            <url>https://www4.nhk.or.jp/shinyabin/</url>
          </prog>
          <prog ft="20201027010000" to="20201027010500" ftl="2500" tol="2505" dur="300">
            <title>ニュース</title>
            <sub_title />
            <imgs>
              <img src="14344" type="" />
            </imgs>
            <pfm />
            <desc />
            <info>“どこでも聴ける”最新ラジオニュース</info>
            <metas>
              <meta name="twitter" value="#radiko" />
              <meta name="facebook-fanpage" value="http://www.facebook.com/radiko.jp" />
              <meta name="twitter-hash" value="#radiko" />
            </metas>
            <url>http://www.nhk.or.jp/radionews/</url>
          </prog>
        </progs>
      </scd>
    </station>

    <station id="JOAK-FM">
      <name>NHK-FM（東京）</name>
      <scd>
        <progs>
          <date>20201026</date>
          <prog ft="20201027000000" to="20201027005000" ftl="2400" tol="2450" dur="3000">
            <title>夜のプレイリスト</title>
            <sub_title />
            <imgs>
              <img src="8296" type="" />
            </imgs>
            <pfm>歌手…荻野目洋子</pfm>
            <desc />
            <info>歌手…荻野目洋子</info>
            <metas>
              <meta name="twitter-hash" value="#radiko" />
              <meta name="facebook-fanpage" value="http://www.facebook.com/radiko.jp" />
              <meta name="twitter" value="#radiko" />
            </metas>
            <url>https://www4.nhk.or.jp/yoruplaylist/</url>
          </prog>
          <prog ft="20201027005000" to="20201027010000" ftl="2450" tol="2500" dur="600">
            <title>名曲スケッチ「交響曲　第５番から　アダジェット」　「第７交響曲から　スケルツォ」</title>
            <sub_title />
            <imgs>
              <img src="8294" type="" />
            </imgs>
            <pfm>高関健，十束尚宏</pfm>
            <desc />
            <info>「交響曲 第５番から アダジェット」 &lt;br&gt; マーラー作曲&lt;br&gt; （管弦楽）新日本フィルハーモニー交響楽団&lt;br&gt; （指揮）高関健&lt;br&gt; &lt;br&gt;「第７交響曲から スケルツォ」 &lt;br&gt; ブルックナー作曲、若月明人・編曲&lt;br&gt; （管弦楽）東京フィルハーモニー交響楽団&lt;br&gt; （指揮）十束尚宏</info>
            <metas>
              <meta name="facebook-fanpage" value="http://www.facebook.com/radiko.jp" />
              <meta name="twitter-hash" value="#radiko" />
              <meta name="twitter" value="#radiko" />
            </metas>
            <url>https://www4.nhk.or.jp/sketch/</url>
          </prog>
        </progs>
      </scd>
    </station>
  </stations>
</radiko>
