<?xml version="1.0" encoding="UTF-8" standalone="yes"?>
<addon id="repository.hsk.crew.repo" name="[COLOR blue]HSK CREW Repository[/COLOR]" version="1.0.2" provider-name="Loki1979|HSK-DE">
	<extension point="xbmc.addon.repository" name="HSK CREW Repository">
		<info compressed="false">https://hsk-crew.cf/downloads/hsk.crew.repo/addons.xml</info>
		<checksum>https://hsk-crew.cf/downloads/hsk.crew.repo/addons.xml.md5</checksum>
		<datadir zip="true">https://hsk-crew.cf/downloads/hsk.crew.repo</datadir>
	</extension>
    <extension point="xbmc.addon.metadata">
	<summary>HSK CREW REPO</summary>
	<description></description>
	<disclaimer></disclaimer>
	<language></language>
	<platform>all</platform>
	<license></license>
	<forum></forum>
	<website></website>
	<email></email>
	<source></source>
	<news></news>
    <assets>
		<icon>resources/icon.png</icon>
		<fanart>resources/fanart.jpg</fanart>
		<banner></banner>
		<clearlogo></clearlogo>
		<screenshot></screenshot>
	</assets>
	</extension>
</addon>