<?xml version="1.0" encoding="UTF-8"?>
<addon id="plugin.video.filmsforaction" name="Films For Action" version="1.1.2" provider-name="Jose Antonio Montes (jamontes)">
    <requires>
        <import addon="xbmc.python" version="2.20.0"/>
        <import addon="plugin.video.youtube" version="6.2.3"/>
    </requires>
    <extension point="xbmc.python.pluginsource" library="default.py">
        <provides>video</provides>
    </extension>
    <extension point="xbmc.addon.metadata">
        <platform>all</platform>
        <summary lang="en_GB">Films For Action videos</summary>
        <description lang="en_GB">Films For Action is a community-powered learning library and alternative news center for people who want to change the world. It uses the power of film to raise awareness of important social, environmental, and media-related issues not covered by the mainstream news. This Add-on allows you to watch most of its videos.[CR]More than 2,500 videos are available.</description>
        <summary lang="es_ES">Films For Action vídeos</summary>
        <description lang="es_ES">Films For Action usa el poder de los vídeos para llamar la atención sobre la importancia de los problemas sociales, medioambientales, e informativos no cubiertos por los principales medios de comunicación. Films For Action ofrece una fuente alternativa de noticias y aprendizaje mantenida por la comunidad para la gente que quiere cambiar el mundo. Este Add-on permite ver los vídeos de Films For Action mostrados en su página web.[CR]Más de 2500 vídeos están disponibles.</description>
        <summary lang="fr_FR">Films For Action médiathèque</summary>
        <description lang="fr_FR">Cette plugin permetre de regarder le Films For Action médiathèque qui se trouve sur leur site web.</description>
        <summary lang="de_DE">Films For Action videos</summary>
        <description lang="de_DE">Dieses plugin erlaubt es, die videos aus dem Films For Action website zu sehen.</description>
        <language>en</language>
        <license>GPL-3.0-or-later</license>
        <forum>https://forum.kodi.tv/showthread.php?tid=198524</forum>
        <source>https://github.com/jamontes/plugin.video.filmsforaction</source>
        <website>https://www.filmsforaction.org/</website>
    </extension>
</addon>
