  <dir>
    <title>[B]Action Movies[/B]</title>
    <link>http://j1wizard.net/config/xml/action.xml</link>
  </dir>

  <dir>
    <title>[B]Comedy Movies[/B]</title>
    <link>http://j1wizard.net/config/xml/comedy.xml</link>
  </dir>

  <dir>
    <title>[B]Crime Movies[/B]</title>
    <link>http://j1wizard.net/config/xml/crime.xml</link>
  </dir>

  <dir>
    <title>[B]Horror Movies[/B]</title>
    <link>http://j1wizard.net/config/xml/horror.xml</link>
  </dir>

  <dir>
    <title>[B]Sci-fi Movies[/B]</title>
    <link>http://j1wizard.net/config/xml/scifi.xml</link>
  </dir>

  <dir>
    <title>[B]Youtube Comedy[/B]</title>
    <link>http://j1wizard.net/config/xml/youtube-comedy.xml</link>
  </dir>

  <dir>
    <title>[B]Youtube Horror[/B]</title>
    <link>http://j1wizard.net/config/xml/youtube-horror.xml</link>
  </dir>
  
  <dir>
    <title>[B]Youtube Sci-fi[/B]</title>
    <link>http://j1wizard.net/config/xml/youtube-scifi.xml</link>
  </dir>
  
  <plugin>
    <name>[B]Settings[/B]</name>
    <link>plugin://plugin.video.cultflix/?action=openSettings</link>
    <thumbnail></thumbnail>
  </plugin>