    <item>
      <title>{title} {date}</title>
      <link>{url}</link>
      <description>{description}</description>
      <category></category>
      <pubDate>{startdate}</pubDate>
      <guid>{gtvid}</guid>
      <source>{name}</source>
      <author>{name}</author>
      <enclosure url="{root}/{source}" length="{filesize}" type="audio/mp3" />
      <itunes:explicit>no</itunes:explicit>
      <itunes:duration>{duration}</itunes:duration>
      <itunes:summary>{description}</itunes:summary>
      <itunes:author>{name}</itunes:author>
      <dc:creator>{name}</dc:creator>
    </item>
